-- MySQL Script generated by MySQL Workbench
-- 02/20/17 04:23:04
-- Model: New Model    Version: 1.0
-- MySQL Workbench Forward Engineering

SET @OLD_UNIQUE_CHECKS=@@UNIQUE_CHECKS, UNIQUE_CHECKS=0;
SET @OLD_FOREIGN_KEY_CHECKS=@@FOREIGN_KEY_CHECKS, FOREIGN_KEY_CHECKS=0;
SET @OLD_SQL_MODE=@@SQL_MODE, SQL_MODE='TRADITIONAL,ALLOW_INVALID_DATES';

-- -----------------------------------------------------
-- Schema booksreading
-- -----------------------------------------------------

-- -----------------------------------------------------
-- Schema booksreading
-- -----------------------------------------------------
CREATE SCHEMA IF NOT EXISTS `booksreading` DEFAULT CHARACTER SET utf8 ;
USE `booksreading` ;

-- -----------------------------------------------------
-- Table `booksreading`.`Book`
-- -----------------------------------------------------
CREATE TABLE IF NOT EXISTS `booksreading`.`Book` (
  `id` INT NOT NULL AUTO_INCREMENT,
  `Title` VARCHAR(255) NOT NULL,
  `Publish_year` INT NOT NULL,
  `Author` VARCHAR(255) NOT NULL,
  PRIMARY KEY (`id`))
ENGINE = InnoDB;


-- -----------------------------------------------------
-- Table `booksreading`.`Employee`
-- -----------------------------------------------------
CREATE TABLE IF NOT EXISTS `booksreading`.`Employee` (
  `id` INT NOT NULL AUTO_INCREMENT,
  `Name` VARCHAR(255) NOT NULL,
  `Date_of_birth` DATE NOT NULL,
  `E-mail` VARCHAR(50) NOT NULL,
  PRIMARY KEY (`id`))
ENGINE = InnoDB;


-- -----------------------------------------------------
-- Table `booksreading`.`Employee_Book`
-- -----------------------------------------------------
CREATE TABLE IF NOT EXISTS `booksreading`.`Employee_Book` (
  `id` INT NOT NULL AUTO_INCREMENT,
  `Employee_id` INT NOT NULL,
  `Book_id` INT NOT NULL,
  INDEX `Book_id_idx` (`Book_id` ASC),
  INDEX `Employee_idx` (`Employee_id` ASC),
  PRIMARY KEY (`id`),
  CONSTRAINT `Book_id`
    FOREIGN KEY (`Book_id`)
    REFERENCES `booksreading`.`Book` (`id`)
    ON DELETE CASCADE
    ON UPDATE CASCADE,
  CONSTRAINT `Employee`
    FOREIGN KEY (`Employee_id`)
    REFERENCES `booksreading`.`Employee` (`id`)
    ON DELETE CASCADE
    ON UPDATE CASCADE)
ENGINE = InnoDB;


SET SQL_MODE=@OLD_SQL_MODE;
SET FOREIGN_KEY_CHECKS=@OLD_FOREIGN_KEY_CHECKS;
SET UNIQUE_CHECKS=@OLD_UNIQUE_CHECKS;

-- -----------------------------------------------------
-- Data for table `booksreading`.`Book`
-- -----------------------------------------------------
START TRANSACTION;
USE `booksreading`;
INSERT INTO `booksreading`.`Book` (`id`, `Title`, `Publish_year`, `Author`) VALUES (1, 'Время перемен', 1971, 'Роберт Силверберг');
INSERT INTO `booksreading`.`Book` (`id`, `Title`, `Publish_year`, `Author`) VALUES (2, 'Сами боги', 1973, 'Айзек Азимов');
INSERT INTO `booksreading`.`Book` (`id`, `Title`, `Publish_year`, `Author`) VALUES (3, 'Свидание с Рамой', 1973, 'Артур Кларк');
INSERT INTO `booksreading`.`Book` (`id`, `Title`, `Publish_year`, `Author`) VALUES (4, 'Рождённый с мертвецами', 1973, 'Роберт Силверберг');
INSERT INTO `booksreading`.`Book` (`id`, `Title`, `Publish_year`, `Author`) VALUES (5, 'Возвращение палача', 1975, 'Роджер Желязны');
INSERT INTO `booksreading`.`Book` (`id`, `Title`, `Publish_year`, `Author`) VALUES (6, 'Бесконечная война', 1974, 'Джо Холдеман');
INSERT INTO `booksreading`.`Book` (`id`, `Title`, `Publish_year`, `Author`) VALUES (7, 'Врата', 1977, 'Фредерик Пол');
INSERT INTO `booksreading`.`Book` (`id`, `Title`, `Publish_year`, `Author`) VALUES (8, 'Простое решение', 1977, 'Джеймс Типтри-младший');
INSERT INTO `booksreading`.`Book` (`id`, `Title`, `Publish_year`, `Author`) VALUES (9, 'Навязчивость зрения', 1978, 'Джoн Херберт Варли');
INSERT INTO `booksreading`.`Book` (`id`, `Title`, `Publish_year`, `Author`) VALUES (10, 'Фонтаны рая', 1979, 'Артур Кларк');
INSERT INTO `booksreading`.`Book` (`id`, `Title`, `Publish_year`, `Author`) VALUES (11, 'Панорама времён', 1980, 'Грегори Бенфорд');
INSERT INTO `booksreading`.`Book` (`id`, `Title`, `Publish_year`, `Author`) VALUES (12, 'Звёздный прилив', 1983, 'Дэвид Брин');
INSERT INTO `booksreading`.`Book` (`id`, `Title`, `Publish_year`, `Author`) VALUES (13, 'Нейромант', 1984, 'Уильям Гибсон');
INSERT INTO `booksreading`.`Book` (`id`, `Title`, `Publish_year`, `Author`) VALUES (14, 'Игра Эндера', 1985, 'Орсон Скотт Кард');
INSERT INTO `booksreading`.`Book` (`id`, `Title`, `Publish_year`, `Author`) VALUES (15, 'В свободном падении', 1987, 'Лоис Макмастер Буджолд');
INSERT INTO `booksreading`.`Book` (`id`, `Title`, `Publish_year`, `Author`) VALUES (16, 'Техану. Последнее из сказаний о Земноморье', 1990, 'Урсула Ле Гуин');
INSERT INTO `booksreading`.`Book` (`id`, `Title`, `Publish_year`, `Author`) VALUES (17, 'Путь Прилива', 1991, 'Майкл Суэнвик');
INSERT INTO `booksreading`.`Book` (`id`, `Title`, `Publish_year`, `Author`) VALUES (18, 'Книга Страшного суда', 1992, 'Конни Уиллис');
INSERT INTO `booksreading`.`Book` (`id`, `Title`, `Publish_year`, `Author`) VALUES (19, 'Красный Марс', 1992, 'Ким Стэнли Робинсон');
INSERT INTO `booksreading`.`Book` (`id`, `Title`, `Publish_year`, `Author`) VALUES (20, 'Цветы тюрьмы Аулит', 1996, 'Нэнси Кресс');
INSERT INTO `booksreading`.`Book` (`id`, `Title`, `Publish_year`, `Author`) VALUES (21, 'Проект «Юпитер»', 1997, 'Джо Холдеман');
INSERT INTO `booksreading`.`Book` (`id`, `Title`, `Publish_year`, `Author`) VALUES (22, 'Американские боги', 2001, 'Нил Гейман');
INSERT INTO `booksreading`.`Book` (`id`, `Title`, `Publish_year`, `Author`) VALUES (23, 'Коралина', 2002, 'Нил Гейман');
INSERT INTO `booksreading`.`Book` (`id`, `Title`, `Publish_year`, `Author`) VALUES (24, 'Паладин душ', 2003, 'Лоис Макмастер Буджолд');
INSERT INTO `booksreading`.`Book` (`id`, `Title`, `Publish_year`, `Author`) VALUES (25, 'Магия для начинающих', 2005, 'Келли Линк');
INSERT INTO `booksreading`.`Book` (`id`, `Title`, `Publish_year`, `Author`) VALUES (26, 'Искатель', 2005, 'Джек Макдевит');
INSERT INTO `booksreading`.`Book` (`id`, `Title`, `Publish_year`, `Author`) VALUES (27, 'Союз еврейских полисменов', 2007, 'Майкл Чабон');
INSERT INTO `booksreading`.`Book` (`id`, `Title`, `Publish_year`, `Author`) VALUES (28, 'Мост через туман', 2011, 'Кидж Джонсон');
INSERT INTO `booksreading`.`Book` (`id`, `Title`, `Publish_year`, `Author`) VALUES (29, '2312', 2012, 'Ким Стэнли Робинсон');
INSERT INTO `booksreading`.`Book` (`id`, `Title`, `Publish_year`, `Author`) VALUES (30, 'Аннигиляция', 2014, 'Джефф Вандермеер');
INSERT INTO `booksreading`.`Book` (`id`, `Title`, `Publish_year`, `Author`) VALUES (31, 'Звёзды — холодные игрушки', 1997, 'Сергей Лукьяненко');
INSERT INTO `booksreading`.`Book` (`id`, `Title`, `Publish_year`, `Author`) VALUES (32, 'Черновик', 2005, 'Сергей Лукьяненко');
INSERT INTO `booksreading`.`Book` (`id`, `Title`, `Publish_year`, `Author`) VALUES (33, 'Спектр', 2002, 'Сергей Лукьяненко');
INSERT INTO `booksreading`.`Book` (`id`, `Title`, `Publish_year`, `Author`) VALUES (34, 'Нужные вещи', 1991, 'Стивен Кинг');
INSERT INTO `booksreading`.`Book` (`id`, `Title`, `Publish_year`, `Author`) VALUES (35, 'Рита Хейуорт и спасение из Шоушенка', 1982, 'Стивен Кинг');
INSERT INTO `booksreading`.`Book` (`id`, `Title`, `Publish_year`, `Author`) VALUES (36, 'Игра престолов', 1996, 'Джордж Мартин');
INSERT INTO `booksreading`.`Book` (`id`, `Title`, `Publish_year`, `Author`) VALUES (37, 'Битва королей', 1998, 'Джордж Мартин');
INSERT INTO `booksreading`.`Book` (`id`, `Title`, `Publish_year`, `Author`) VALUES (38, 'Буря мечей', 2000, 'Джордж Мартин');
INSERT INTO `booksreading`.`Book` (`id`, `Title`, `Publish_year`, `Author`) VALUES (39, 'Крещение огнём', 1996, 'Анджей Сапковский');
INSERT INTO `booksreading`.`Book` (`id`, `Title`, `Publish_year`, `Author`) VALUES (40, 'Билл — герой Галактики', 1965, 'Гарри Гаррисон');

COMMIT;


-- -----------------------------------------------------
-- Data for table `booksreading`.`Employee`
-- -----------------------------------------------------
START TRANSACTION;
USE `booksreading`;
INSERT INTO `booksreading`.`Employee` (`id`, `Name`, `Date_of_birth`, `E-mail`) VALUES (1, 'Иванов И.И.', '1964-10-30', 'ivan@mail.ru');
INSERT INTO `booksreading`.`Employee` (`id`, `Name`, `Date_of_birth`, `E-mail`) VALUES (2, 'Петров П.П.', '1982-12-12', 'petrov@mail.ru');
INSERT INTO `booksreading`.`Employee` (`id`, `Name`, `Date_of_birth`, `E-mail`) VALUES (3, 'Сидоров С.С.', '1988-03-14', 'sidorov@mail.ru');
INSERT INTO `booksreading`.`Employee` (`id`, `Name`, `Date_of_birth`, `E-mail`) VALUES (4, 'Волков П.А.', '1974-08-21', 'volkov@mail.ru');
INSERT INTO `booksreading`.`Employee` (`id`, `Name`, `Date_of_birth`, `E-mail`) VALUES (5, 'Ниох О.Д.', '1990-01-23', 'nioh@mail.ru');
INSERT INTO `booksreading`.`Employee` (`id`, `Name`, `Date_of_birth`, `E-mail`) VALUES (6, 'Васильев О.Р.', '1991-02-02', 'vasiliev@mail.ru');
INSERT INTO `booksreading`.`Employee` (`id`, `Name`, `Date_of_birth`, `E-mail`) VALUES (7, 'Измайлов М.М.', '1985-03-23', 'ismailov@mail.ru');
INSERT INTO `booksreading`.`Employee` (`id`, `Name`, `Date_of_birth`, `E-mail`) VALUES (8, 'Тимощук Д.В.', '1978-07-05', 'timoschuk@mail.ru');
INSERT INTO `booksreading`.`Employee` (`id`, `Name`, `Date_of_birth`, `E-mail`) VALUES (9, 'Коваленко И.А.', '1999-04-02', 'kovalenko@mail.ru');
INSERT INTO `booksreading`.`Employee` (`id`, `Name`, `Date_of_birth`, `E-mail`) VALUES (10, 'Шипулин В.В.', '1983-12-14', 'shipulin@mail.ru');
INSERT INTO `booksreading`.`Employee` (`id`, `Name`, `Date_of_birth`, `E-mail`) VALUES (11, 'Цветкова Л.О.', '1977-06-15', 'cvetkova@mail.ru');
INSERT INTO `booksreading`.`Employee` (`id`, `Name`, `Date_of_birth`, `E-mail`) VALUES (12, 'Гараничев Е.Т.', '1994-01-29', 'garanichev@mail.ru');

COMMIT;


-- -----------------------------------------------------
-- Data for table `booksreading`.`Employee_Book`
-- -----------------------------------------------------
START TRANSACTION;
USE `booksreading`;
INSERT INTO `booksreading`.`Employee_Book` (`id`, `Employee_id`, `Book_id`) VALUES (1, 3, 2);
INSERT INTO `booksreading`.`Employee_Book` (`id`, `Employee_id`, `Book_id`) VALUES (2, 4, 34);
INSERT INTO `booksreading`.`Employee_Book` (`id`, `Employee_id`, `Book_id`) VALUES (3, 6, 21);
INSERT INTO `booksreading`.`Employee_Book` (`id`, `Employee_id`, `Book_id`) VALUES (4, 2, 27);
INSERT INTO `booksreading`.`Employee_Book` (`id`, `Employee_id`, `Book_id`) VALUES (5, 8, 6);
INSERT INTO `booksreading`.`Employee_Book` (`id`, `Employee_id`, `Book_id`) VALUES (6, 9, 16);
INSERT INTO `booksreading`.`Employee_Book` (`id`, `Employee_id`, `Book_id`) VALUES (7, 10, 17);
INSERT INTO `booksreading`.`Employee_Book` (`id`, `Employee_id`, `Book_id`) VALUES (8, 5, 13);
INSERT INTO `booksreading`.`Employee_Book` (`id`, `Employee_id`, `Book_id`) VALUES (9, 6, 22);
INSERT INTO `booksreading`.`Employee_Book` (`id`, `Employee_id`, `Book_id`) VALUES (10, 4, 21);
INSERT INTO `booksreading`.`Employee_Book` (`id`, `Employee_id`, `Book_id`) VALUES (11, 3, 29);
INSERT INTO `booksreading`.`Employee_Book` (`id`, `Employee_id`, `Book_id`) VALUES (12, 3, 31);
INSERT INTO `booksreading`.`Employee_Book` (`id`, `Employee_id`, `Book_id`) VALUES (13, 7, 23);
INSERT INTO `booksreading`.`Employee_Book` (`id`, `Employee_id`, `Book_id`) VALUES (14, 8, 15);
INSERT INTO `booksreading`.`Employee_Book` (`id`, `Employee_id`, `Book_id`) VALUES (15, 3, 8);
INSERT INTO `booksreading`.`Employee_Book` (`id`, `Employee_id`, `Book_id`) VALUES (16, 4, 9);
INSERT INTO `booksreading`.`Employee_Book` (`id`, `Employee_id`, `Book_id`) VALUES (17, 2, 4);
INSERT INTO `booksreading`.`Employee_Book` (`id`, `Employee_id`, `Book_id`) VALUES (18, 1, 21);
INSERT INTO `booksreading`.`Employee_Book` (`id`, `Employee_id`, `Book_id`) VALUES (19, 1, 26);
INSERT INTO `booksreading`.`Employee_Book` (`id`, `Employee_id`, `Book_id`) VALUES (20, 2, 18);
INSERT INTO `booksreading`.`Employee_Book` (`id`, `Employee_id`, `Book_id`) VALUES (21, 6, 34);
INSERT INTO `booksreading`.`Employee_Book` (`id`, `Employee_id`, `Book_id`) VALUES (22, 8, 23);
INSERT INTO `booksreading`.`Employee_Book` (`id`, `Employee_id`, `Book_id`) VALUES (23, 9, 21);
INSERT INTO `booksreading`.`Employee_Book` (`id`, `Employee_id`, `Book_id`) VALUES (24, 5, 14);
INSERT INTO `booksreading`.`Employee_Book` (`id`, `Employee_id`, `Book_id`) VALUES (25, 6, 11);

COMMIT;

